INSERT INTO batting (batting_id, batting_name) VALUES
    ('nothing', 'なし'),
    ('single', '単打'),
    ('double', '二塁打'),
    ('triple', '三塁打'),
    ('homeRun' ,'本塁打'),
    ('bunt' , '犠打'),
    ('sacrificeFly', '犠飛'),
    ('baseOnBalls' ,'四球'),
    ('hitByPitch' ,'死球'),
    ('strikeOut' ,'三振'),
    ('others', 'それ以外');

INSERT INTO player (num, name, position, team) VALUES
    ('3', '高野 はいね', '中堅手', '運用統制高校'),
    ('11', '大磯 伊織', '三塁手', 'SBPS高校'),
    ('55', '遠藤 一樹', '左翼手', 'RPA高校'),
    ('8', '堀切 翔太', '右翼手', '未配属'),
    ('5', 'シャア・アズナブル', '遊撃手', 'ネオ・ジオン'),
    ('1', 'ルーベンス・バリチェロ', '投手', 'ウィリアムズ');

INSERT INTO result (match_date, player_id, plate_appearance, run_batted_in, at_bat_times) VALUES
    ('2018-06-14', 1, '二塁打', 1, '1'),
    ('2018-06-14', 1, '三振', 0, '2'),
    ('2018-06-14', 1, '本塁打', 4, '3'),
    ('2018-06-14', 1, 'アウト', 0, '4'),
    ('2018-06-14', 1, '四球', 0, '5'),
    ('2018-06-15', 1, '三振', 0, '1'),
    ('2018-06-15', 1, '単打', 0, '2'),
    ('2018-06-15', 1, '本塁打', 2, '3'),
    ('2018-06-15', 5, '三振', 0, '1'),
    ('2018-06-15', 5, '三塁打', 2, '2'),
    ('2018-06-15', 2, '本塁打', 4, '1'),
    ('2018-06-16', 1, '三振', 0, '1'),
    ('2018-06-16', 1, 'アウト', 0, '2'),
    ('2018-06-16', 1, '三振', 0, '3'),
    ('2018-06-16', 1, '本塁打', 2, '4'),
    ('2018-06-16', 1, '三振', 0, '5'),
    ('2018-06-17', 1, '三振', 0, '1'),
    ('2018-06-18', 1, 'アウト', 0, '2'),
    ('2018-06-19', 1, '本塁打', 4, '3'),
    ('2018-06-20', 1, '本塁打', 2, '4'),
    ('2018-06-21', 1, '三振', 0, '5'),
    ('2018-06-18', 2, '三振', 0, '1'),
    ('2018-06-18', 2, 'アウト', 0, '2'),
    ('2018-06-18', 2, 'アウト', 0, '3'),
    ('2018-06-18', 2, '犠飛', 1, '4'),
    ('2018-06-19', 2, '二塁打', 1, '1'),
    ('2018-06-19', 2, '犠打', 1, '2'),
    ('2018-06-19', 2, '三振', 1, '3'),
    ('2018-06-20', 2, '三振', 0, '1'),
    ('2018-06-20', 2, '三振', 0, '2'),
    ('2018-06-20', 2, '単打', 0, '3'),
    ('2018-06-20', 3, 'アウト', 0, '1'),
    ('2018-06-20', 3, '三振', 0, '2'),
    ('2018-06-20', 5, '本塁打', 0, '1'),
    ('2018-06-20', 5, '三振', 0, '2'),
    ('2018-06-21', 2, '三振', 0, '1'),
    ('2018-06-21', 2, '三振', 0, '2'),
    ('2018-06-21', 2, '単打', 0, '3'),
    ('2018-06-21', 2, 'アウト', 0, '4'),
    ('2018-06-22', 5, '四球', 0, '1'),
    ('2018-06-22', 5, '死球', 0, '2'),
    ('2018-06-22', 5, '三振', 0, '3'),
    ('2018-06-22', 5, '単打', 0, '4'),
    ('2018-06-22', 5, '二塁打', 0, '5'),
    ('2018-06-22', 5, '三振', 0, '6'),
    ('2018-06-23', 5, '三振', 0, '1'),
    ('2018-06-23', 5, '三振', 0, '2'),
    ('2018-06-26', 5, '本塁打', 3, '1'),
    ('2018-06-26', 5, '三振', 0, '2'),
    ('2018-06-26', 5, '三振', 0, '3'),
    ('2018-06-23', 5, '三振', 0, '4'),
    ('2018-06-27', 5, '本塁打', 1, '1'),
    ('2018-06-27', 5, '三振', 0, '2'),
    ('2018-06-27', 5, '三振', 0, '3'),
    ('2018-06-27', 5, '三振', 0, '4'),
    ('2018-06-28', 5, '本塁打', 2, '1'),
    ('2018-06-28', 5, '三振', 0, '2'),
    ('2018-06-28', 5, '単打', 0, '3'),
    ('2018-06-28', 5, '三振', 0, '4'),
    ('2018-06-29', 5, '単打', 0, '1'),
    ('2018-06-29', 5, '四球', 0, '2'),
    ('2018-06-30', 5, '三振', 0, '1'),
    ('2018-06-30', 5, '本塁打', 2, '2'),
    ('2018-06-30', 5, '本塁打', 4, '3'),
    ('2019-06-26', 5, '本塁打', 3, '1'),
    ('2019-06-26', 5, '三振', 0, '2'),
    ('2019-06-26', 5, '三振', 0, '3'),
    ('2019-06-23', 5, '四球', 0, '4'),
    ('2019-06-27', 5, '本塁打', 1, '1'),
    ('2019-06-27', 5, '三振', 0, '2'),
    ('2019-06-27', 5, '三振', 0, '3'),
    ('2019-06-27', 5, '二塁打', 0, '4'),
    ('2019-06-28', 5, '本塁打', 2, '1'),
    ('2019-06-28', 5, '三振', 0, '2'),
    ('2019-06-28', 5, '単打', 0, '3'),
    ('2019-06-28', 5, '三振', 0, '4'),
    ('2019-06-29', 5, '単打', 0, '1'),
    ('2019-06-29', 5, '四球', 0, '2'),
    ('2019-06-30', 5, '三振', 0, '1'),
    ('2019-06-30', 5, '本塁打', 2, '2'),
    ('2019-06-30', 5, '本塁打', 4, '3'),
    ('2020-06-26', 5, '本塁打', 0, '1'),
    ('2020-06-26', 5, '三振', 0, '2'),
    ('2020-06-26', 5, '二塁打', 0, '3'),
    ('2020-06-23', 5, '三振', 0, '4'),
    ('2020-06-27', 5, '本塁打', 1, '1'),
    ('2020-06-27', 5, '三振', 0, '2'),
    ('2020-06-27', 5, '三振', 0, '3'),
    ('2020-06-27', 5, '三振', 0, '4'),
    ('2020-06-28', 5, '本塁打', 2, '1'),
    ('2020-06-28', 5, '三振', 0, '2'),
    ('2020-06-28', 5, '単打', 0, '3'),
    ('2020-06-28', 5, '三振', 0, '4'),
    ('2020-06-29', 5, '単打', 0, '1'),
    ('2020-06-29', 5, '四球', 0, '2'),
    ('2020-06-30', 5, '三振', 0, '1'),
    ('2020-06-30', 5, '本塁打', 2, '2'),
    ('2020-06-30', 5, '本塁打', 4, '3'),
    ('2020-06-29', 6, '本塁打', 4, '1'),
    ('2021-06-29', 6, '本塁打', 4, '1'),
    ('2022-06-29', 6, '本塁打', 4, '1'),
    ('2023-06-29', 6, '本塁打', 0, '1'),
    ('2024-06-29', 6, '本塁打', 4, '1'),
    ('2025-06-29', 6, '本塁打', 2, '1'),
    ('2026-06-29', 6, '本塁打', 4, '1'),
    ('2027-06-29', 6, '本塁打', 4, '1');


INSERT INTO batting_contents(contents_name, total_bases, times_on_base) VALUES
    ('単打', 1, 'TRUE'),
    ('二塁打', 2, 'TRUE'),
    ('三塁打', 3, 'TRUE'),
    ('本塁打', 4, 'TRUE'),
    ('四球', 0, 'TRUE'),
    ('死球', 0, 'TRUE'),
    ('三振', 0, 'FALSE'),
    ('犠打', 0, 'FALSE'),
    ('犠飛', 0, 'FALSE'),
    ('それ以外', 0, 'FALSE');

INSERT INTO position(name) values
    ('投手'),
    ('捕手'),
    ('一塁手'),
    ('二塁手'),
    ('三塁手'),
    ('遊撃手'),
    ('左翼手'),
    ('中堅手'),
    ('右翼手'),
    ('指名打者');